date,product,company,unit_cost,price,competitor_price,promo,sales,revenue,day_of_week,month
2019-10-16,Dominos,Dominos,153.58,255.96,278.99,0,0,0.0,2,10
2019-10-17,Dominos,Dominos,153.87,256.45,242.17,0,0,0.0,3,10
2019-10-16,Dominos,Dominos,153.58,255.96,278.99,0,0,0.0,2,10
2019-10-17,Dominos,Dominos,153.87,256.45,242.17,0,0,0.0,3,10
2019-10-18,Dominos,Dominos,153.42,255.7,281.58,0,0,0.0,4,10
2019-10-21,Dominos,Dominos,154.51,257.52,257.07,0,0,0.0,0,10
2019-10-22,Dominos,Dominos,155.36,258.94,229.1,1,20,0.0,1,10
2019-10-23,Dominos,Dominos,153.6,256.0,223.13,0,0,0.0,2,10
2019-10-24,Dominos,Dominos,158.16,263.6,290.64,0,0,0.0,3,10
2019-10-25,Dominos,Dominos,163.05,271.75,235.52,0,0,0.0,4,10
2019-10-28,Dominos,Dominos,161.68,269.46,251.73,0,0,0.0,0,10
2019-10-29,Dominos,Dominos,157.91,263.18,250.08,0,0,0.0,1,10
2019-10-30,Dominos,Dominos,162.54,270.9,244.32,0,0,0.0,2,10
2019-10-31,Dominos,Dominos,162.97,271.62,256.45,0,0,0.0,3,10
2019-11-01,Dominos,Dominos,161.56,269.26,288.86,0,0,0.0,4,11
2019-11-04,Dominos,Dominos,161.57,269.29,230.08,0,0,0.0,0,11
2019-11-05,Dominos,Dominos,165.79,276.31,303.43,0,0,0.0,1,11
2019-11-06,Dominos,Dominos,166.69,277.82,307.54,0,0,0.0,2,11
2019-11-07,Dominos,Dominos,169.61,282.68,271.85,0,0,0.0,3,11
2019-11-08,Dominos,Dominos,168.4,280.66,251.49,1,20,0.0,4,11
2019-11-11,Dominos,Dominos,168.41,280.69,289.18,0,0,0.0,0,11
2019-11-12,Dominos,Dominos,166.73,277.88,246.17,0,0,0.0,1,11
2019-11-13,Dominos,Dominos,167.64,279.4,268.08,0,0,0.0,2,11
2019-11-14,Dominos,Dominos,167.2,278.66,316.98,0,0,0.0,3,11
2019-11-15,Dominos,Dominos,168.85,281.41,323.24,0,0,0.0,4,11
2019-11-18,Dominos,Dominos,170.77,284.61,307.84,0,0,0.0,0,11
2019-11-19,Dominos,Dominos,171.44,285.74,269.54,0,0,0.0,1,11
2019-11-20,Dominos,Dominos,172.94,288.24,304.47,0,0,0.0,2,11
2019-11-21,Dominos,Dominos,170.43,284.05,301.55,0,0,0.0,3,11
2019-11-22,Dominos,Dominos,171.46,285.76,276.14,1,20,0.0,4,11
2019-11-25,Dominos,Dominos,175.8,293.0,305.38,0,0,0.0,0,11
2019-11-26,Dominos,Dominos,173.48,289.14,246.7,0,0,0.0,1,11
2019-11-27,Dominos,Dominos,177.2,295.33,269.55,0,0,0.0,2,11
2019-11-29,Dominos,Dominos,176.58,294.3,296.52,0,0,0.0,4,11
2019-12-02,Dominos,Dominos,176.43,294.05,264.39,0,0,0.0,0,12
2019-12-03,Dominos,Dominos,170.45,284.09,255.62,0,0,0.0,1,12
2019-12-04,Dominos,Dominos,171.6,286.0,314.85,0,0,0.0,2,12
2019-12-05,Dominos,Dominos,172.12,286.87,328.97,0,0,0.0,3,12
2019-12-06,Dominos,Dominos,171.94,286.57,291.38,0,0,0.0,4,12
2019-12-09,Dominos,Dominos,171.82,286.37,315.5,0,0,0.0,0,12
2019-12-10,Dominos,Dominos,171.14,285.24,327.2,0,0,0.0,1,12
2019-12-11,Dominos,Dominos,176.17,293.62,262.05,0,0,0.0,2,12
2019-12-12,Dominos,Dominos,177.99,296.65,292.04,0,0,0.0,3,12
2019-12-13,Dominos,Dominos,176.96,294.93,285.42,0,0,0.0,4,12
2019-12-16,Dominos,Dominos,175.29,292.15,255.34,0,0,0.0,0,12
2019-12-17,Dominos,Dominos,175.05,291.75,314.1,0,0,0.0,1,12
2019-12-18,Dominos,Dominos,170.59,284.32,278.67,0,0,0.0,2,12
2019-12-19,Dominos,Dominos,175.2,292.0,289.31,0,0,0.0,3,12
2019-12-20,Dominos,Dominos,175.2,292.0,261.4,0,0,0.0,4,12
2019-12-23,Dominos,Dominos,172.96,288.27,260.68,0,0,0.0,0,12
2019-12-24,Dominos,Dominos,173.78,289.64,325.01,0,0,0.0,1,12
2019-12-26,Dominos,Dominos,175.34,292.24,252.32,0,0,0.0,3,12
2019-12-27,Dominos,Dominos,175.39,292.31,268.88,0,0,0.0,4,12
2019-12-30,Dominos,Dominos,175.95,293.25,274.96,1,20,0.0,0,12
2019-12-31,Dominos,Dominos,176.27,293.78,292.92,0,0,0.0,1,12
2020-01-02,Dominos,Dominos,176.04,293.4,301.01,0,0,0.0,3,1
2020-01-03,Dominos,Dominos,176.8,294.67,294.08,0,0,0.0,4,1
2020-01-06,Dominos,Dominos,176.37,293.95,257.28,0,0,0.0,0,1
2020-01-07,Dominos,Dominos,175.11,291.85,269.41,0,0,0.0,1,1
2020-01-08,Dominos,Dominos,174.34,290.56,320.51,0,0,0.0,2,1
2020-01-09,Dominos,Dominos,173.34,288.9,300.82,0,0,0.0,3,1
2020-01-10,Dominos,Dominos,173.45,289.09,302.03,1,50,0.0,4,1
2020-01-13,Dominos,Dominos,170.4,284.0,298.5,0,0,0.0,0,1
2020-01-14,Dominos,Dominos,171.07,285.12,307.61,0,0,0.0,1,1
2020-01-15,Dominos,Dominos,173.14,288.57,250.32,0,0,0.0,2,1
2020-01-16,Dominos,Dominos,172.42,287.36,275.86,0,0,0.0,3,1
2020-01-17,Dominos,Dominos,171.88,286.47,289.87,0,0,0.0,4,1
2020-01-21,Dominos,Dominos,171.07,285.11,271.29,0,0,0.0,1,1
2020-01-22,Dominos,Dominos,171.55,285.91,315.46,0,0,0.0,2,1
2020-01-23,Dominos,Dominos,172.81,288.02,286.51,0,0,0.0,3,1
2020-01-24,Dominos,Dominos,171.06,285.1,308.08,1,50,0.0,4,1
2020-01-27,Dominos,Dominos,169.73,282.89,312.76,0,0,0.0,0,1
2020-01-28,Dominos,Dominos,170.51,284.18,284.59,0,0,0.0,1,1
2020-01-29,Dominos,Dominos,171.28,285.47,320.54,0,0,0.0,2,1
2020-01-30,Dominos,Dominos,169.44,282.4,289.78,0,0,0.0,3,1
2020-01-31,Dominos,Dominos,169.05,281.75,311.36,0,0,0.0,4,1
2020-02-03,Dominos,Dominos,162.45,270.75,257.8,1,20,0.0,0,2
2020-02-04,Dominos,Dominos,164.04,273.4,273.3,0,0,0.0,1,2
2020-02-05,Dominos,Dominos,166.81,278.01,280.63,0,0,0.0,2,2
2020-02-06,Dominos,Dominos,167.65,279.41,246.3,0,0,0.0,3,2
2020-02-07,Dominos,Dominos,165.31,275.51,267.13,0,0,0.0,4,2
2020-02-10,Dominos,Dominos,164.91,274.85,309.26,0,0,0.0,0,2
2020-02-11,Dominos,Dominos,165.45,275.75,286.57,0,0,0.0,1,2
2020-02-12,Dominos,Dominos,168.62,281.03,253.84,0,0,0.0,2,2
2020-02-13,Dominos,Dominos,171.62,286.03,272.2,0,0,0.0,3,2
2020-02-14,Dominos,Dominos,174.96,291.6,264.62,0,0,0.0,4,2
2020-02-18,Dominos,Dominos,177.47,295.78,253.62,1,20,0.0,1,2
2020-02-19,Dominos,Dominos,178.26,297.1,335.2,1,50,0.0,2,2
2020-02-20,Dominos,Dominos,223.9,373.16,367.36,0,0,0.0,3,2
2020-02-21,Dominos,Dominos,223.18,371.96,350.48,0,0,0.0,4,2
2020-02-24,Dominos,Dominos,217.81,363.01,373.73,0,0,0.0,0,2
2020-02-25,Dominos,Dominos,221.2,368.66,314.17,0,0,0.0,1,2
2020-02-26,Dominos,Dominos,220.0,366.67,342.25,0,0,0.0,2,2
2020-02-27,Dominos,Dominos,208.72,347.86,369.05,0,0,0.0,3,2
2020-02-28,Dominos,Dominos,203.68,339.46,353.08,0,0,0.0,4,2
2020-03-02,Dominos,Dominos,208.51,347.52,397.75,0,0,0.0,0,3
2020-03-03,Dominos,Dominos,203.68,339.47,351.73,0,0,0.0,1,3
2020-03-04,Dominos,Dominos,205.13,341.89,339.58,0,0,0.0,2,3
2020-03-05,Dominos,Dominos,199.82,333.03,359.15,0,0,0.0,3,3
2020-03-06,Dominos,Dominos,201.85,336.41,377.12,1,50,0.0,4,3
2020-03-09,Dominos,Dominos,202.0,336.67,358.96,1,50,0.0,0,3
2020-03-10,Dominos,Dominos,206.37,343.95,391.75,0,0,0.0,1,3
2020-03-11,Dominos,Dominos,199.6,332.66,360.8,0,0,0.0,2,3
2020-03-12,Dominos,Dominos,190.27,317.11,352.0,0,0,0.0,3,3
2020-03-13,Dominos,Dominos,189.98,316.63,279.97,0,0,0.0,4,3
2020-03-16,Dominos,Dominos,171.79,286.32,306.28,0,0,0.0,0,3
2020-03-17,Dominos,Dominos,179.24,298.74,293.37,0,0,0.0,1,3
2020-03-18,Dominos,Dominos,174.0,290.0,294.62,0,0,0.0,2,3
2020-03-19,Dominos,Dominos,193.88,323.14,338.08,0,0,0.0,3,3
2020-03-20,Dominos,Dominos,179.97,299.95,342.23,0,0,0.0,4,3
2020-03-23,Dominos,Dominos,194.32,323.87,370.95,1,50,0.0,0,3
2020-03-24,Dominos,Dominos,206.14,343.56,321.73,0,0,0.0,1,3
2020-03-25,Dominos,Dominos,192.87,321.45,343.99,0,0,0.0,2,3
2020-03-26,Dominos,Dominos,203.11,338.51,363.9,0,0,0.0,3,3
2020-03-27,Dominos,Dominos,203.24,338.74,323.14,0,0,0.0,4,3
2020-03-30,Dominos,Dominos,208.05,346.75,307.62,0,0,0.0,0,3
2020-03-31,Dominos,Dominos,194.44,324.07,279.44,0,0,0.0,1,3
2020-04-01,Dominos,Dominos,200.26,333.77,361.54,0,0,0.0,2,4
2020-04-02,Dominos,Dominos,200.07,333.45,332.42,0,0,0.0,3,4
2020-04-03,Dominos,Dominos,196.94,328.23,376.04,0,0,0.0,4,4
2020-04-06,Dominos,Dominos,203.11,338.52,334.96,0,0,0.0,0,4
2020-04-07,Dominos,Dominos,200.38,333.96,381.84,0,0,0.0,1,4
2020-04-08,Dominos,Dominos,206.3,343.83,334.71,0,0,0.0,2,4
2020-04-09,Dominos,Dominos,206.18,343.64,373.92,0,0,0.0,3,4
2020-04-13,Dominos,Dominos,213.08,355.14,310.91,1,20,0.0,0,4
2020-04-14,Dominos,Dominos,214.96,358.26,364.22,0,0,0.0,1,4
2020-04-15,Dominos,Dominos,212.77,354.62,386.75,1,50,0.0,2,4
2020-04-16,Dominos,Dominos,216.28,360.47,406.4,0,0,0.0,3,4
2020-04-17,Dominos,Dominos,217.78,362.97,398.1,0,0,0.0,4,4
2020-04-20,Dominos,Dominos,222.29,370.48,319.02,0,0,0.0,0,4
2020-04-21,Dominos,Dominos,219.13,365.22,351.27,1,20,0.0,1,4
2020-04-22,Dominos,Dominos,230.25,383.75,331.79,0,0,0.0,2,4
2020-04-23,Dominos,Dominos,221.78,369.64,326.31,0,0,0.0,3,4
2020-04-24,Dominos,Dominos,220.37,367.29,386.61,0,0,0.0,4,4
2020-04-27,Dominos,Dominos,217.22,362.03,385.19,0,0,0.0,0,4
2020-04-28,Dominos,Dominos,213.61,356.01,385.24,0,0,0.0,1,4
2020-04-29,Dominos,Dominos,217.21,362.01,401.7,0,0,0.0,2,4
2020-04-30,Dominos,Dominos,217.16,361.93,387.93,1,50,0.0,3,4
2020-05-01,Dominos,Dominos,214.38,357.3,389.55,0,0,0.0,4,5
2020-05-04,Dominos,Dominos,215.46,359.1,310.51,0,0,0.0,0,5
2020-05-05,Dominos,Dominos,222.88,371.46,341.88,0,0,0.0,1,5
2020-05-06,Dominos,Dominos,223.38,372.3,385.91,1,50,0.0,2,5
2020-05-07,Dominos,Dominos,220.3,367.17,406.62,0,0,0.0,3,5
2020-05-08,Dominos,Dominos,221.47,369.11,314.24,0,0,0.0,4,5
2020-05-11,Dominos,Dominos,226.49,377.49,379.15,0,0,0.0,0,5
2020-05-12,Dominos,Dominos,226.76,377.94,398.04,0,0,0.0,1,5
2020-05-13,Dominos,Dominos,230.98,384.96,330.64,0,0,0.0,2,5
2020-05-14,Dominos,Dominos,225.61,376.01,364.88,0,0,0.0,3,5
2020-05-15,Dominos,Dominos,225.62,376.04,420.67,0,0,0.0,4,5
2020-05-18,Dominos,Dominos,218.7,364.5,383.27,0,0,0.0,0,5
2020-05-19,Dominos,Dominos,222.01,370.01,340.89,0,0,0.0,1,5
2020-05-20,Dominos,Dominos,226.34,377.24,417.16,1,50,0.0,2,5
2020-05-21,Dominos,Dominos,225.14,375.24,358.13,0,0,0.0,3,5
2020-05-22,Dominos,Dominos,223.26,372.1,411.54,0,0,0.0,4,5
2020-05-26,Dominos,Dominos,216.1,360.16,338.44,0,0,0.0,1,5
2020-05-27,Dominos,Dominos,224.38,373.97,384.1,0,0,0.0,2,5
2020-05-28,Dominos,Dominos,219.33,365.55,354.25,1,20,0.0,3,5
2020-05-29,Dominos,Dominos,231.5,385.84,359.78,0,0,0.0,4,5
2020-06-01,Dominos,Dominos,230.15,383.58,428.06,0,0,0.0,0,6
2020-06-02,Dominos,Dominos,230.92,384.86,348.79,0,0,0.0,1,6
2020-06-03,Dominos,Dominos,234.08,390.14,341.55,0,0,0.0,2,6
2020-06-04,Dominos,Dominos,229.67,382.78,364.63,0,0,0.0,3,6
2020-06-05,Dominos,Dominos,225.85,376.41,400.99,1,50,0.0,4,6
2020-06-08,Dominos,Dominos,225.49,375.82,410.48,0,0,0.0,0,6
2020-06-09,Dominos,Dominos,229.33,382.22,439.41,0,0,0.0,1,6
2020-06-10,Dominos,Dominos,235.39,392.32,368.35,1,20,0.0,2,6
2020-06-11,Dominos,Dominos,229.67,382.79,372.22,0,0,0.0,3,6
2020-06-12,Dominos,Dominos,226.89,378.15,336.95,0,0,0.0,4,6
2020-06-15,Dominos,Dominos,226.75,377.92,386.41,0,0,0.0,0,6
2020-06-16,Dominos,Dominos,224.92,374.86,430.82,0,0,0.0,1,6
2020-06-17,Dominos,Dominos,228.4,380.67,403.61,0,0,0.0,2,6
2020-06-18,Dominos,Dominos,225.33,375.55,386.28,0,0,0.0,3,6
2020-06-19,Dominos,Dominos,227.05,378.41,366.19,0,0,0.0,4,6
2020-06-22,Dominos,Dominos,230.78,384.63,432.55,0,0,0.0,0,6
2020-06-23,Dominos,Dominos,226.53,377.55,377.2,0,0,0.0,1,6
2020-06-24,Dominos,Dominos,225.29,375.48,334.29,0,0,0.0,2,6
2020-06-25,Dominos,Dominos,224.22,373.7,358.61,0,0,0.0,3,6
2020-06-26,Dominos,Dominos,219.49,365.81,318.31,1,20,0.0,4,6
2020-06-29,Dominos,Dominos,221.5,369.17,336.16,0,0,0.0,0,6
2020-06-30,Dominos,Dominos,221.66,369.44,315.98,0,0,0.0,1,6
2020-07-01,Dominos,Dominos,225.43,375.71,370.44,0,0,0.0,2,7
2020-07-02,Dominos,Dominos,224.45,374.09,389.19,0,0,0.0,3,7
2020-07-06,Dominos,Dominos,231.0,385.0,366.9,0,0,0.0,0,7
2020-07-07,Dominos,Dominos,228.68,381.14,372.04,0,0,0.0,1,7
2020-07-08,Dominos,Dominos,230.48,384.14,437.06,0,0,0.0,2,7
2020-07-09,Dominos,Dominos,231.3,385.5,414.64,0,0,0.0,3,7
2020-07-10,Dominos,Dominos,238.99,398.31,403.19,0,0,0.0,4,7
2020-07-13,Dominos,Dominos,240.83,401.38,375.44,0,0,0.0,0,7
2020-07-14,Dominos,Dominos,241.38,402.3,450.21,0,0,0.0,1,7
2020-07-15,Dominos,Dominos,248.21,413.68,380.8,1,20,0.0,2,7
2020-07-16,Dominos,Dominos,244.51,407.52,386.17,0,0,0.0,3,7
2020-07-17,Dominos,Dominos,234.13,390.22,438.11,0,0,0.0,4,7
2020-07-20,Dominos,Dominos,234.86,391.43,394.9,0,0,0.0,0,7
2020-07-21,Dominos,Dominos,232.69,387.81,416.0,0,0,0.0,1,7
2020-07-22,Dominos,Dominos,233.47,389.12,399.71,0,0,0.0,2,7
2020-07-23,Dominos,Dominos,228.79,381.32,398.87,0,0,0.0,3,7
2020-07-24,Dominos,Dominos,232.15,386.91,363.62,0,0,0.0,4,7
2020-07-27,Dominos,Dominos,233.77,389.61,359.38,0,0,0.0,0,7
2020-07-28,Dominos,Dominos,231.25,385.42,364.9,0,0,0.0,1,7
2020-07-29,Dominos,Dominos,231.09,385.15,345.34,0,0,0.0,2,7
2020-07-30,Dominos,Dominos,230.72,384.53,427.71,0,0,0.0,3,7
2020-07-31,Dominos,Dominos,231.97,386.61,361.47,0,0,0.0,4,7
2020-08-03,Dominos,Dominos,232.22,387.03,394.17,0,0,0.0,0,8
2020-08-04,Dominos,Dominos,235.12,391.86,426.18,0,0,0.0,1,8
2020-08-05,Dominos,Dominos,236.06,393.44,426.94,0,0,0.0,2,8
2020-08-06,Dominos,Dominos,235.53,392.55,385.29,0,0,0.0,3,8
2020-08-07,Dominos,Dominos,233.47,389.12,386.35,1,20,0.0,4,8
2020-08-10,Dominos,Dominos,231.56,385.93,443.21,0,0,0.0,0,8
2020-08-11,Dominos,Dominos,233.19,388.65,409.01,0,0,0.0,1,8
2020-08-12,Dominos,Dominos,235.6,392.67,429.73,0,0,0.0,2,8
2020-08-13,Dominos,Dominos,239.42,399.04,447.23,0,0,0.0,3,8
2020-08-14,Dominos,Dominos,239.39,398.99,433.41,0,0,0.0,4,8
2020-08-17,Dominos,Dominos,245.63,409.39,370.72,0,0,0.0,0,8
2020-08-18,Dominos,Dominos,246.87,411.45,419.12,0,0,0.0,1,8
2020-08-19,Dominos,Dominos,248.54,414.23,364.76,0,0,0.0,2,8
2020-08-20,Dominos,Dominos,251.0,418.33,437.52,0,0,0.0,3,8
2020-08-21,Dominos,Dominos,251.82,419.7,477.03,0,0,0.0,4,8
2020-08-24,Dominos,Dominos,251.39,418.99,420.59,0,0,0.0,0,8
2020-08-25,Dominos,Dominos,251.62,419.36,410.93,0,0,0.0,1,8
2020-08-26,Dominos,Dominos,250.85,418.09,359.87,0,0,0.0,2,8
2020-08-27,Dominos,Dominos,249.79,416.32,473.74,0,0,0.0,3,8
2020-08-28,Dominos,Dominos,249.59,415.98,366.44,0,0,0.0,4,8
2020-08-31,Dominos,Dominos,245.38,408.96,352.66,0,0,0.0,0,8
2020-09-01,Dominos,Dominos,246.09,410.15,378.9,0,0,0.0,1,9
2020-09-02,Dominos,Dominos,242.16,403.6,350.99,0,0,0.0,2,9
2020-09-03,Dominos,Dominos,238.5,397.5,392.15,0,0,0.0,3,9
2020-09-04,Dominos,Dominos,229.09,381.81,383.65,0,0,0.0,4,9
2020-09-08,Dominos,Dominos,225.79,376.32,355.16,0,0,0.0,1,9
2020-09-09,Dominos,Dominos,229.24,382.07,330.6,1,20,0.0,2,9
2020-09-10,Dominos,Dominos,233.38,388.97,343.65,0,0,0.0,3,9
2020-09-11,Dominos,Dominos,236.81,394.68,381.0,0,0,0.0,4,9
2020-09-14,Dominos,Dominos,233.11,388.52,337.3,1,20,0.0,0,9
2020-09-15,Dominos,Dominos,233.71,389.52,412.68,0,0,0.0,1,9
2020-09-16,Dominos,Dominos,231.59,385.98,352.05,0,0,0.0,2,9
2020-09-17,Dominos,Dominos,237.04,395.07,371.61,0,0,0.0,3,9
2020-09-18,Dominos,Dominos,238.55,397.59,384.96,0,0,0.0,4,9
2020-09-21,Dominos,Dominos,242.98,404.97,394.84,0,0,0.0,0,9
2020-09-22,Dominos,Dominos,248.25,413.75,351.89,0,0,0.0,1,9
2020-09-23,Dominos,Dominos,248.12,413.54,365.41,0,0,0.0,2,9
2020-09-24,Dominos,Dominos,247.98,413.3,458.28,0,0,0.0,3,9
2020-09-25,Dominos,Dominos,250.85,418.08,355.52,1,20,0.0,4,9
2020-09-28,Dominos,Dominos,252.92,421.54,422.57,1,50,0.0,0,9
2020-09-29,Dominos,Dominos,254.08,423.46,422.13,0,0,0.0,1,9
2020-09-30,Dominos,Dominos,255.17,425.28,403.99,0,0,0.0,2,9
2020-10-01,Dominos,Dominos,256.19,426.99,418.19,0,0,0.0,3,10
2020-10-02,Dominos,Dominos,260.27,433.78,470.29,0,0,0.0,4,10
2020-10-05,Dominos,Dominos,254.96,424.94,468.44,0,0,0.0,0,10
2020-10-06,Dominos,Dominos,256.52,427.53,396.79,0,0,0.0,1,10
2020-10-07,Dominos,Dominos,258.63,431.05,408.1,0,0,0.0,2,10
2020-10-08,Dominos,Dominos,240.61,401.01,370.03,0,0,0.0,3,10
2020-10-09,Dominos,Dominos,234.57,390.95,388.59,0,0,0.0,4,10
2020-10-12,Dominos,Dominos,235.55,392.58,414.16,0,0,0.0,0,10
2020-10-13,Dominos,Dominos,244.63,407.72,374.48,0,0,0.0,1,10
2020-10-14,Dominos,Dominos,241.93,403.21,382.74,0,0,0.0,2,10
2020-10-15,Dominos,Dominos,241.1,401.84,453.72,0,0,0.0,3,10
2020-10-16,Dominos,Dominos,239.67,399.45,345.35,0,0,0.0,4,10
2020-10-19,Dominos,Dominos,236.93,394.89,390.24,0,0,0.0,0,10
2020-10-20,Dominos,Dominos,236.65,394.41,419.44,0,0,0.0,1,10
2020-10-21,Dominos,Dominos,233.97,389.95,349.06,0,0,0.0,2,10
2020-10-22,Dominos,Dominos,235.04,391.74,338.55,1,20,0.0,3,10
2020-10-23,Dominos,Dominos,236.46,394.1,351.33,1,20,0.0,4,10
2020-10-26,Dominos,Dominos,236.77,394.61,444.19,0,0,0.0,0,10
2020-10-27,Dominos,Dominos,238.22,397.03,338.58,0,0,0.0,1,10
2020-10-28,Dominos,Dominos,230.4,384.0,348.09,0,0,0.0,2,10
2020-10-29,Dominos,Dominos,232.03,386.72,332.34,0,0,0.0,3,10
2020-10-30,Dominos,Dominos,226.99,378.32,334.13,0,0,0.0,4,10
2020-11-02,Dominos,Dominos,225.62,376.03,389.58,0,0,0.0,0,11
2020-11-03,Dominos,Dominos,229.94,383.24,353.54,0,0,0.0,1,11
2020-11-04,Dominos,Dominos,235.51,392.52,400.67,0,0,0.0,2,11
2020-11-05,Dominos,Dominos,237.73,396.22,406.94,0,0,0.0,3,11
2020-11-06,Dominos,Dominos,239.91,399.85,441.77,1,50,0.0,4,11
2020-11-09,Dominos,Dominos,225.93,376.55,320.6,1,20,0.0,0,11
2020-11-10,Dominos,Dominos,229.0,381.67,422.13,1,50,0.0,1,11
2020-11-11,Dominos,Dominos,236.8,394.67,408.77,0,0,0.0,2,11
2020-11-12,Dominos,Dominos,234.33,390.55,351.04,1,20,0.0,3,11
2020-11-13,Dominos,Dominos,233.76,389.6,421.5,0,0,0.0,4,11
2020-11-16,Dominos,Dominos,230.89,384.82,425.86,0,0,0.0,0,11
2020-11-17,Dominos,Dominos,230.68,384.47,356.13,0,0,0.0,1,11
2020-11-18,Dominos,Dominos,229.48,382.46,430.51,0,0,0.0,2,11
2020-11-19,Dominos,Dominos,231.02,385.04,379.78,0,0,0.0,3,11
2020-11-20,Dominos,Dominos,233.74,389.56,401.65,0,0,0.0,4,11
2020-11-23,Dominos,Dominos,232.33,387.21,443.51,0,0,0.0,0,11
2020-11-24,Dominos,Dominos,229.88,383.13,367.22,1,20,0.0,1,11
2020-11-25,Dominos,Dominos,230.06,383.44,419.46,0,0,0.0,2,11
2020-11-27,Dominos,Dominos,234.28,390.47,369.2,0,0,0.0,4,11
2020-11-30,Dominos,Dominos,235.54,392.57,427.81,0,0,0.0,0,11
2020-12-01,Dominos,Dominos,235.05,391.75,403.59,0,0,0.0,1,12
2020-12-02,Dominos,Dominos,232.7,387.83,354.83,0,0,0.0,2,12
2020-12-03,Dominos,Dominos,230.03,383.38,373.49,1,20,0.0,3,12
2020-12-04,Dominos,Dominos,229.79,382.99,362.04,0,0,0.0,4,12
2020-12-07,Dominos,Dominos,230.73,384.55,335.88,0,0,0.0,0,12
2020-12-08,Dominos,Dominos,232.01,386.69,332.15,1,20,0.0,1,12
2020-12-09,Dominos,Dominos,230.98,384.97,367.24,0,0,0.0,2,12
2020-12-10,Dominos,Dominos,231.63,386.05,330.35,1,20,0.0,3,12
2020-12-11,Dominos,Dominos,230.02,383.37,344.9,0,0,0.0,4,12
2020-12-14,Dominos,Dominos,229.94,383.23,409.12,1,50,0.0,0,12
2020-12-15,Dominos,Dominos,230.81,384.68,408.69,0,0,0.0,1,12
2020-12-16,Dominos,Dominos,229.51,382.52,409.9,0,0,0.0,2,12
2020-12-17,Dominos,Dominos,237.1,395.16,373.48,0,0,0.0,3,12
2020-12-18,Dominos,Dominos,238.03,396.71,443.13,0,0,0.0,4,12
2020-12-21,Dominos,Dominos,238.31,397.18,408.36,0,0,0.0,0,12
2020-12-22,Dominos,Dominos,239.23,398.72,353.99,0,0,0.0,1,12
2020-12-23,Dominos,Dominos,242.25,403.75,360.6,0,0,0.0,2,12
2020-12-24,Dominos,Dominos,238.04,396.73,419.71,0,0,0.0,3,12
2020-12-28,Dominos,Dominos,240.11,400.18,360.92,0,0,0.0,0,12
2020-12-29,Dominos,Dominos,230.62,384.36,385.2,0,0,0.0,1,12
2020-12-30,Dominos,Dominos,230.77,384.62,441.36,0,0,0.0,2,12
2020-12-31,Dominos,Dominos,230.08,383.46,326.4,0,0,0.0,3,12
2021-01-04,Dominos,Dominos,227.7,379.5,324.46,0,0,0.0,0,1
2021-01-05,Dominos,Dominos,228.8,381.34,437.75,0,0,0.0,1,1
2021-01-06,Dominos,Dominos,230.92,384.87,394.64,0,0,0.0,2,1
2021-01-07,Dominos,Dominos,229.91,383.19,340.3,0,0,0.0,3,1
2021-01-08,Dominos,Dominos,233.3,388.83,435.17,0,0,0.0,4,1
2021-01-11,Dominos,Dominos,234.32,390.54,435.11,0,0,0.0,0,1
2021-01-12,Dominos,Dominos,231.3,385.5,389.69,0,0,0.0,1,1
2021-01-13,Dominos,Dominos,229.12,381.86,395.81,0,0,0.0,2,1
2021-01-14,Dominos,Dominos,224.28,373.8,348.37,0,0,0.0,3,1
2021-01-15,Dominos,Dominos,225.14,375.23,324.63,0,0,0.0,4,1
2021-01-19,Dominos,Dominos,223.59,372.65,383.22,0,0,0.0,1,1
2021-01-20,Dominos,Dominos,227.4,379.0,355.66,0,0,0.0,2,1
2021-01-21,Dominos,Dominos,228.67,381.12,399.83,0,0,0.0,3,1
2021-01-22,Dominos,Dominos,228.22,380.37,418.74,0,0,0.0,4,1
2021-01-25,Dominos,Dominos,227.09,378.49,323.78,0,0,0.0,0,1
2021-01-26,Dominos,Dominos,227.3,378.84,389.72,0,0,0.0,1,1
2021-01-27,Dominos,Dominos,226.15,376.91,346.53,0,0,0.0,2,1
2021-01-28,Dominos,Dominos,222.96,371.6,413.28,0,0,0.0,3,1
2021-01-29,Dominos,Dominos,222.46,370.76,343.36,0,0,0.0,4,1
2021-02-01,Dominos,Dominos,222.85,371.42,383.76,0,0,0.0,0,2
2021-02-02,Dominos,Dominos,226.33,377.22,383.28,0,0,0.0,1,2
2021-02-03,Dominos,Dominos,224.0,373.33,361.7,0,0,0.0,2,2
2021-02-04,Dominos,Dominos,223.8,373.0,392.88,0,0,0.0,3,2
2021-02-05,Dominos,Dominos,226.34,377.23,402.78,0,0,0.0,4,2
2021-02-08,Dominos,Dominos,228.04,380.06,387.69,0,0,0.0,0,2
2021-02-09,Dominos,Dominos,229.78,382.96,412.65,0,0,0.0,1,2
2021-02-10,Dominos,Dominos,229.24,382.06,437.47,0,0,0.0,2,2
2021-02-11,Dominos,Dominos,231.12,385.2,375.87,0,0,0.0,3,2
2021-02-12,Dominos,Dominos,231.1,385.17,386.86,0,0,0.0,4,2
2021-02-16,Dominos,Dominos,226.75,377.92,322.65,0,0,0.0,1,2
2021-02-17,Dominos,Dominos,225.89,376.49,409.93,1,50,0.0,2,2
2021-02-18,Dominos,Dominos,226.28,377.14,379.43,0,0,0.0,3,2
2021-02-19,Dominos,Dominos,222.88,371.46,361.2,1,20,0.0,4,2
2021-02-22,Dominos,Dominos,219.1,365.16,320.69,0,0,0.0,0,2
2021-02-23,Dominos,Dominos,220.04,366.74,409.61,0,0,0.0,1,2
2021-02-24,Dominos,Dominos,218.75,364.59,353.11,0,0,0.0,2,2
2021-02-25,Dominos,Dominos,203.4,339.0,357.57,0,0,0.0,3,2
2021-02-26,Dominos,Dominos,207.91,346.51,310.06,0,0,0.0,4,2
2021-03-01,Dominos,Dominos,207.04,345.06,392.84,0,0,0.0,0,3
2021-03-02,Dominos,Dominos,205.81,343.01,309.92,0,0,0.0,1,3
2021-03-03,Dominos,Dominos,199.64,332.73,302.74,0,0,0.0,2,3
2021-03-04,Dominos,Dominos,198.32,330.53,366.13,0,0,0.0,3,3
2021-03-05,Dominos,Dominos,198.14,330.24,371.12,0,0,0.0,4,3
2021-03-08,Dominos,Dominos,200.11,333.51,304.71,1,20,0.0,0,3
2021-03-09,Dominos,Dominos,212.45,354.08,350.87,0,0,0.0,1,3
2021-03-10,Dominos,Dominos,214.76,357.93,383.0,0,0,0.0,2,3
2021-03-11,Dominos,Dominos,215.02,358.37,399.05,0,0,0.0,3,3
2021-03-12,Dominos,Dominos,216.67,361.11,348.01,0,0,0.0,4,3
2021-03-15,Dominos,Dominos,217.78,362.97,364.82,0,0,0.0,0,3
2021-03-16,Dominos,Dominos,219.61,366.01,392.55,0,0,0.0,1,3
2021-03-17,Dominos,Dominos,217.95,363.25,388.44,0,0,0.0,2,3
2021-03-18,Dominos,Dominos,218.29,363.82,394.7,0,0,0.0,3,3
2021-03-19,Dominos,Dominos,218.22,363.7,371.33,0,0,0.0,4,3
2021-03-22,Dominos,Dominos,221.59,369.32,325.51,0,0,0.0,0,3
2021-03-23,Dominos,Dominos,224.65,374.42,419.8,0,0,0.0,1,3
2021-03-24,Dominos,Dominos,219.73,366.22,406.38,1,50,0.0,2,3
2021-03-25,Dominos,Dominos,220.56,367.6,400.47,1,50,0.0,3,3
2021-03-26,Dominos,Dominos,223.1,371.84,327.2,1,20,0.0,4,3
2021-03-29,Dominos,Dominos,223.25,372.08,339.08,0,0,0.0,0,3
2021-03-30,Dominos,Dominos,220.88,368.13,395.03,0,0,0.0,1,3
2021-03-31,Dominos,Dominos,220.67,367.79,315.17,0,0,0.0,2,3
2021-04-01,Dominos,Dominos,224.03,373.38,427.06,0,0,0.0,3,4
2021-04-05,Dominos,Dominos,222.98,371.64,357.94,0,0,0.0,0,4
2021-04-06,Dominos,Dominos,228.41,380.68,405.73,0,0,0.0,1,4
2021-04-07,Dominos,Dominos,229.38,382.3,426.75,0,0,0.0,2,4
2021-04-08,Dominos,Dominos,230.35,383.92,371.78,0,0,0.0,3,4
2021-04-09,Dominos,Dominos,234.21,390.35,369.17,0,0,0.0,4,4
2021-04-12,Dominos,Dominos,234.37,390.62,403.36,0,0,0.0,0,4
2021-04-13,Dominos,Dominos,236.96,394.93,404.53,0,0,0.0,1,4
2021-04-14,Dominos,Dominos,234.38,390.64,379.99,0,0,0.0,2,4
2021-04-15,Dominos,Dominos,235.79,392.99,404.99,0,0,0.0,3,4
2021-04-16,Dominos,Dominos,236.9,394.83,446.4,0,0,0.0,4,4
2021-04-19,Dominos,Dominos,238.78,397.96,394.1,0,0,0.0,0,4
2021-04-20,Dominos,Dominos,238.83,398.05,361.84,0,0,0.0,1,4
2021-04-21,Dominos,Dominos,236.88,394.8,380.26,0,0,0.0,2,4
2021-04-22,Dominos,Dominos,239.26,398.76,386.09,0,0,0.0,3,4
2021-04-23,Dominos,Dominos,238.63,397.71,353.7,0,0,0.0,4,4
2021-04-26,Dominos,Dominos,240.13,400.21,359.73,0,0,0.0,0,4
2021-04-27,Dominos,Dominos,240.62,401.03,423.23,0,0,0.0,1,4
2021-04-28,Dominos,Dominos,242.37,403.95,384.5,0,0,0.0,2,4
2021-04-29,Dominos,Dominos,249.59,415.98,472.75,0,0,0.0,3,4
2021-04-30,Dominos,Dominos,253.4,422.34,389.85,0,0,0.0,4,4
2021-05-03,Dominos,Dominos,260.15,433.59,381.42,1,20,0.0,0,5
2021-05-04,Dominos,Dominos,260.39,433.99,467.0,0,0,0.0,1,5
2021-05-05,Dominos,Dominos,259.13,431.89,481.26,0,0,0.0,2,5
2021-05-06,Dominos,Dominos,258.02,430.03,401.4,0,0,0.0,3,5
2021-05-07,Dominos,Dominos,259.48,432.47,393.82,0,0,0.0,4,5
2021-05-10,Dominos,Dominos,258.64,431.07,390.43,0,0,0.0,0,5
2021-05-11,Dominos,Dominos,253.4,422.34,425.13,1,50,0.0,1,5
2021-05-12,Dominos,Dominos,255.26,425.44,421.41,0,0,0.0,2,5
2021-05-13,Dominos,Dominos,253.44,422.4,391.92,0,0,0.0,3,5
2021-05-14,Dominos,Dominos,256.37,427.29,368.99,0,0,0.0,4,5
2021-05-17,Dominos,Dominos,259.72,432.86,430.46,0,0,0.0,0,5
2021-05-18,Dominos,Dominos,259.72,432.86,492.51,0,0,0.0,1,5
2021-05-19,Dominos,Dominos,259.17,431.95,451.71,0,0,0.0,2,5
2021-05-20,Dominos,Dominos,257.36,428.94,428.36,0,0,0.0,3,5
2021-05-21,Dominos,Dominos,256.59,427.65,377.7,0,0,0.0,4,5
2021-05-24,Dominos,Dominos,252.54,420.9,389.64,1,20,0.0,0,5
2021-05-25,Dominos,Dominos,252.62,421.04,395.12,0,0,0.0,1,5
2021-05-26,Dominos,Dominos,252.41,420.69,454.11,0,0,0.0,2,5
2021-05-27,Dominos,Dominos,254.38,423.97,471.88,0,0,0.0,3,5
2021-05-28,Dominos,Dominos,256.12,426.87,478.3,0,0,0.0,4,5
2021-06-01,Dominos,Dominos,253.8,423.0,484.49,1,50,0.0,1,6
2021-06-02,Dominos,Dominos,255.72,426.2,487.88,0,0,0.0,2,6
2021-06-03,Dominos,Dominos,255.07,425.12,482.89,0,0,0.0,3,6
2021-06-04,Dominos,Dominos,258.68,431.14,375.76,0,0,0.0,4,6
2021-06-07,Dominos,Dominos,262.75,437.92,390.33,1,20,0.0,0,6
2021-06-08,Dominos,Dominos,266.02,443.36,417.35,0,0,0.0,1,6
2021-06-09,Dominos,Dominos,265.63,442.71,449.74,1,50,0.0,2,6
2021-06-10,Dominos,Dominos,269.06,448.43,394.21,0,0,0.0,3,6
2021-06-11,Dominos,Dominos,271.78,452.96,499.95,0,0,0.0,4,6
2021-06-14,Dominos,Dominos,268.9,448.16,463.86,0,0,0.0,0,6
2021-06-15,Dominos,Dominos,267.46,445.76,451.43,0,0,0.0,1,6
2021-06-16,Dominos,Dominos,268.55,447.59,402.65,0,0,0.0,2,6
2021-06-17,Dominos,Dominos,274.32,457.2,423.36,0,0,0.0,3,6
2021-06-18,Dominos,Dominos,276.11,460.19,413.29,1,20,0.0,4,6
2021-06-21,Dominos,Dominos,275.68,459.46,507.97,1,50,0.0,0,6
2021-06-22,Dominos,Dominos,275.89,459.82,471.44,1,50,0.0,1,6
2021-06-23,Dominos,Dominos,274.05,456.75,488.97,0,0,0.0,2,6
2021-06-24,Dominos,Dominos,275.89,459.81,431.67,0,0,0.0,3,6
2021-06-25,Dominos,Dominos,274.79,457.98,440.29,0,0,0.0,4,6
2021-06-28,Dominos,Dominos,278.12,463.53,450.3,0,0,0.0,0,6
2021-06-29,Dominos,Dominos,278.07,463.45,499.6,1,50,0.0,1,6
2021-06-30,Dominos,Dominos,279.89,466.49,504.6,0,0,0.0,2,6
2021-07-01,Dominos,Dominos,279.61,466.02,425.03,0,0,0.0,3,7
2021-07-02,Dominos,Dominos,284.54,474.24,537.06,0,0,0.0,4,7
2021-07-06,Dominos,Dominos,285.97,476.61,422.37,0,0,0.0,1,7
2021-07-07,Dominos,Dominos,286.91,478.18,535.01,0,0,0.0,2,7
2021-07-08,Dominos,Dominos,284.73,474.55,417.66,1,20,0.0,3,7
2021-07-09,Dominos,Dominos,286.54,477.56,443.83,0,0,0.0,4,7
2021-07-12,Dominos,Dominos,288.07,480.11,530.01,0,0,0.0,0,7
2021-07-13,Dominos,Dominos,291.41,485.68,438.98,0,0,0.0,1,7
2021-07-14,Dominos,Dominos,291.19,485.32,472.74,0,0,0.0,2,7
2021-07-15,Dominos,Dominos,290.9,484.84,477.55,0,0,0.0,3,7
2021-07-16,Dominos,Dominos,289.61,482.68,445.79,0,0,0.0,4,7
2021-07-19,Dominos,Dominos,287.09,478.49,508.67,0,0,0.0,0,7
2021-07-20,Dominos,Dominos,284.98,474.97,525.03,0,0,0.0,1,7
2021-07-21,Dominos,Dominos,282.22,470.37,523.23,0,0,0.0,2,7
2021-07-22,Dominos,Dominos,323.29,538.82,512.85,0,0,0.0,3,7
2021-07-23,Dominos,Dominos,315.27,525.45,530.31,0,0,0.0,4,7
2021-07-26,Dominos,Dominos,320.59,534.32,493.99,0,0,0.0,0,7
2021-07-27,Dominos,Dominos,322.81,538.01,496.82,0,0,0.0,1,7
2021-07-28,Dominos,Dominos,314.74,524.57,471.26,1,20,0.0,2,7
2021-07-29,Dominos,Dominos,315.7,526.17,595.63,0,0,0.0,3,7
2021-07-30,Dominos,Dominos,315.29,525.49,586.66,1,50,0.0,4,7
2021-08-02,Dominos,Dominos,318.22,530.36,574.49,0,0,0.0,0,8
2021-08-03,Dominos,Dominos,324.28,540.47,543.33,0,0,0.0,1,8
2021-08-04,Dominos,Dominos,322.01,536.68,535.17,0,0,0.0,2,8
2021-08-05,Dominos,Dominos,321.29,535.48,540.26,1,50,0.0,3,8
2021-08-06,Dominos,Dominos,320.06,533.44,539.29,0,0,0.0,4,8
2021-08-09,Dominos,Dominos,317.68,529.47,519.08,0,0,0.0,0,8
2021-08-10,Dominos,Dominos,311.36,518.93,461.6,0,0,0.0,1,8
2021-08-11,Dominos,Dominos,309.2,515.33,457.46,0,0,0.0,2,8
2021-08-12,Dominos,Dominos,309.89,516.48,586.55,0,0,0.0,3,8
2021-08-13,Dominos,Dominos,310.21,517.02,514.23,0,0,0.0,4,8
2021-08-16,Dominos,Dominos,307.91,513.19,582.96,0,0,0.0,0,8
2021-08-17,Dominos,Dominos,316.65,527.75,474.49,0,0,0.0,1,8
2021-08-18,Dominos,Dominos,315.37,525.62,534.2,0,0,0.0,2,8
2021-08-19,Dominos,Dominos,310.99,518.32,472.87,0,0,0.0,3,8
2021-08-20,Dominos,Dominos,305.71,509.52,471.79,0,0,0.0,4,8
2021-08-23,Dominos,Dominos,305.71,509.52,437.69,0,0,0.0,0,8
2021-08-24,Dominos,Dominos,300.95,501.58,444.24,0,0,0.0,1,8
2021-08-25,Dominos,Dominos,307.28,512.14,576.19,0,0,0.0,2,8
2021-08-26,Dominos,Dominos,306.35,510.59,483.25,0,0,0.0,3,8
2021-08-27,Dominos,Dominos,307.12,511.87,528.47,0,0,0.0,4,8
2021-08-30,Dominos,Dominos,310.35,517.25,511.82,0,0,0.0,0,8
2021-08-31,Dominos,Dominos,310.13,516.89,501.45,1,20,0.0,1,8
2021-09-01,Dominos,Dominos,309.24,515.4,520.33,0,0,0.0,2,9
2021-09-02,Dominos,Dominos,310.37,517.29,468.75,0,0,0.0,3,9
2021-09-03,Dominos,Dominos,308.7,514.5,589.92,0,0,0.0,4,9
2021-09-07,Dominos,Dominos,308.41,514.02,563.1,0,0,0.0,1,9
2021-09-08,Dominos,Dominos,312.82,521.37,559.16,0,0,0.0,2,9
2021-09-09,Dominos,Dominos,309.67,516.12,511.28,0,0,0.0,3,9
2021-09-10,Dominos,Dominos,306.52,510.87,457.67,0,0,0.0,4,9
2021-09-13,Dominos,Dominos,306.66,511.1,575.6,0,0,0.0,0,9
2021-09-14,Dominos,Dominos,304.18,506.96,482.84,0,0,0.0,1,9
2021-09-15,Dominos,Dominos,303.34,505.56,437.33,0,0,0.0,2,9
2021-09-16,Dominos,Dominos,306.73,511.21,487.04,0,0,0.0,3,9
2021-09-17,Dominos,Dominos,302.12,503.54,548.02,1,50,0.0,4,9
2021-09-20,Dominos,Dominos,298.24,497.06,515.36,0,0,0.0,0,9
2021-09-21,Dominos,Dominos,298.89,498.15,535.64,0,0,0.0,1,9
2021-09-22,Dominos,Dominos,297.31,495.52,539.17,0,0,0.0,2,9
2021-09-23,Dominos,Dominos,295.69,492.81,450.22,0,0,0.0,3,9
2021-09-24,Dominos,Dominos,293.9,489.84,552.12,0,0,0.0,4,9
2021-09-27,Dominos,Dominos,292.34,487.23,478.17,0,0,0.0,0,9
2021-09-28,Dominos,Dominos,290.95,484.91,505.13,0,0,0.0,1,9
2021-09-29,Dominos,Dominos,289.8,483.0,410.88,0,0,0.0,2,9
2021-09-30,Dominos,Dominos,286.18,476.96,547.56,0,0,0.0,3,9
2021-10-01,Dominos,Dominos,285.04,475.07,443.84,0,0,0.0,4,10
2021-10-04,Dominos,Dominos,282.55,470.91,409.04,0,0,0.0,0,10
2021-10-05,Dominos,Dominos,284.77,474.62,468.68,0,0,0.0,1,10
2021-10-06,Dominos,Dominos,289.6,482.66,428.94,0,0,0.0,2,10
2021-10-07,Dominos,Dominos,289.63,482.71,432.36,0,0,0.0,3,10
2021-10-08,Dominos,Dominos,288.19,480.32,499.38,0,0,0.0,4,10
2021-10-11,Dominos,Dominos,287.69,479.48,464.08,0,0,0.0,0,10
2021-10-12,Dominos,Dominos,288.03,480.05,540.8,0,0,0.0,1,10
2021-10-13,Dominos,Dominos,285.77,476.28,450.44,0,0,0.0,2,10
2021-10-14,Dominos,Dominos,286.49,477.48,509.88,0,0,0.0,3,10
2021-10-15,Dominos,Dominos,272.95,454.91,449.6,0,0,0.0,4,10
